Veneer_name,Veneer_location,min,max,upper,type,distribution,short_name,
BankFullFlow,v.model.link.constituents,0.7,1.3,9999999,1,uniform,BFF,
bankErosionCoeff,v.model.link.constituents,0.5,1.5,9999999,1,uniform,BEC,
BankHeight_M,v.model.link.constituents,0.85,1.15,9999999,1,uniform,BHM,
bankMgtFactor,v.model.link.constituents,0.9,1.1,9999999,1,uniform,BMF,
eventMeanConcentration,v.model.catchment.generation,0.8,1.2,9999999,1,uniform,EMC,
HillSlopeFinePerc,v.model.catchment.generation,0.95,1.05,100,1,uniform,HSFP,
HillslopeFineSDR,v.model.catchment.generation,0.5,1.5,100,1,uniform,HFSDR,
Load_Conversion_Factor,v.model.catchment.generation,0.9,1,1,1,uniform,LCF,
RiparianVegPercent,v.model.link.constituents,0.9,1.1,100,1,uniform,RVP,
sedBulkDensity,v.model.link.constituents,0.95,1.05,9999999,1,uniform,SBD,
SoilErodibility,v.model.link.constituents,0.8,1,100,1,uniform,SE,
SoilPercentFine,v.model.link.constituents,0.9,1.1,100,1,uniform,SPF,
USLE_HSDR_Fine,v.model.catchment.generation,0.85,1.15,100,1,uniform,USLEHF,
A3,v.model.catchment.generation,0.8,1.2,9999999,1,uniform,A3,
RainThreshold,v.model.catchment.generation,0.8,1.2,9999999,1,uniform,RT,
Beta,v.model.catchment.generation,0.8,1.2,9999999,1,uniform,Beta, 
LinkLength_M,v.model.link.constituents,0.995,1.005,9999999,1,uniform,LLM,
Link_Slope,v.model.link.constituents,0.95,1.05,9999999,1,uniform,LS,
LongTermAvDailyFlow,v.model.link.constituents,0.9,1.1,9999999,1,uniform,LTADF,
Gully_Management_Practice_Factor,v.model.catchment.generation,0.9,1.1,9999999,1,uniform,GMPF,
Gully_SDR_Fine,v.model.catchment.generation,0.9,1,9999999,1,uniform,GSDRF,
maxRiparianVegEffectiveness,v.model.link.constituents,0.95,1.05,9999999,1,uniform,MRVE,
